,Position,Relative Importance
0,179,0.045624949525362925
1,336,0.040256521426687994
2,472,0.03513638048204311
3,46,0.0315938827072642
4,37,0.030393539142858264
5,380,0.029548224173639642
6,121,0.025122630467519246
7,163,0.022864760637883938
8,152,0.02253501631406357
9,334,0.01948134645089618
10,495,0.018234488808909155
11,376,0.017776761911472646
12,497,0.017723180959851884
13,393,0.01563556953581544
14,126,0.015255665130156441
15,91,0.014894837987775777
16,144,0.014666010391518351
17,204,0.013268873488723347
18,62,0.013213575655877023
19,203,0.012726983464233012
20,223,0.012635127376345413
21,412,0.012587588839428145
22,78,0.011738942744772364
23,233,0.011696001143458123
24,137,0.011578362573482144
25,2,0.011444601506943484
26,482,0.010836189609317504
27,148,0.0102984435257344
28,410,0.010039674609376327
29,100,0.009557666022102151
30,415,0.009356746066614529
31,500,0.009321042449338417
32,205,0.009253444146913599
33,153,0.008791207233355849
34,120,0.008570923594168008
35,565,
