,Position,Relative Importance
0,179,0.04710355360154397
1,336,0.04235200917676679
2,472,0.03560985577803939
3,380,0.030538753029414965
4,46,0.029915487612363276
5,37,0.028899435724387933
6,121,0.023120785230655107
7,163,0.02267263936619434
8,152,0.021440745239432128
9,334,0.019235840126305612
10,376,0.017478521469001744
11,497,0.017096044394435198
12,393,0.01618213240348609
13,91,0.01613532484575017
14,495,0.016062975598755965
15,144,0.01489349786280151
16,126,0.014683926715166551
17,412,0.01405371489964259
18,204,0.01375684301144992
19,62,0.01342989485948293
20,203,0.01318824154822428
21,223,0.012390269809774656
22,78,0.012201260388273323
23,233,0.011893483969979812
24,137,0.011025230690265087
25,2,0.010907603619518372
26,482,0.010656929576840522
27,100,0.009794104237635349
28,148,0.009701163963037572
29,415,0.00945662546603074
30,410,0.009286311922436861
31,205,0.009030105804310604
32,153,0.008974323569338964
33,120,0.008882437134375018
34,500,0.008716343503374049
35,565,
