,Position,Relative Importance
0,238,0.017745056561376742
1,170,0.01664218828627211
2,167,0.0164099414753739
3,298,0.015542922819308125
4,166,0.015466701922447756
5,216,0.014929125793616882
6,3,0.01474681970057944
7,179,0.013951810212057868
8,106,0.013426103682977352
9,2,0.012920304400416527
10,305,0.012900642197080831
11,428,0.012048794207800142
12,376,0.011595653888429598
13,126,0.01128920790450125
14,197,0.011021753655254775
15,39,0.010969899016273628
16,11,0.010939118638158508
17,120,0.010877678699911648
18,468,0.010788843815902822
19,62,0.010786659472048299
20,334,0.010548433481618338
21,186,0.010414121125291949
22,336,0.01026486181894753
23,12,0.010233506112757518
24,65,0.010166387329322414
25,165,0.010062697193130302
26,14,0.009865877699908463
27,279,0.00959775760014933
28,137,0.00936310172263202
29,144,0.009209279779080603
30,536,0.009008676636811808
31,513,0.00893744693217048
32,190,0.008855192125638279
33,4,0.008666699385870018
34,6,0.008143854262876721
35,24,0.008083301933747572
36,565,
