,Position,Relative Importance
0,336,0.05118536710565383
1,179,0.04835112137539169
2,472,0.036563827694743256
3,46,0.03077129713670831
4,380,0.030176949679387475
5,37,0.029199571906312217
6,163,0.022644481194903598
7,152,0.020048852061311833
8,121,0.019826604168221046
9,334,0.018592653350638037
10,497,0.017774416535627606
11,495,0.017421762323787202
12,376,0.01568790245678955
13,393,0.014716259916057465
14,144,0.014550973114939695
15,91,0.014528994677892712
16,62,0.013878757325730996
17,126,0.012893021585478294
18,412,0.012547468872400207
19,78,0.01220801245577248
20,223,0.01215966065725954
21,204,0.011539228188779197
22,148,0.011230106941516643
23,203,0.01114991140934938
24,415,0.01093797425132373
25,233,0.010669372641423706
26,482,0.010435344958803999
27,2,0.010310635600542796
28,137,0.010101066838136784
29,205,0.009346183122589048
30,167,0.009269023362001168
31,100,0.00856081000377073
32,565,
