,Position,Relative Importance
0,238,0.01893795900662788
1,170,0.0178214130622513
2,298,0.017440049965790096
3,166,0.016722085976068536
4,167,0.016281509226313284
5,216,0.0158984100071649
6,3,0.015474590193836402
7,305,0.014024090478096468
8,106,0.013658486619018534
9,179,0.013185491262260741
10,2,0.012924883827060484
11,428,0.012850901516801898
12,126,0.012807966680567075
13,11,0.011450826223205287
14,39,0.011292473297496605
15,186,0.010708258249304244
16,336,0.010686095478762297
17,197,0.010656712907671728
18,190,0.01064700004624855
19,376,0.010544570231717067
20,334,0.010437839474324256
21,12,0.010425966912945941
22,279,0.010303436711168885
23,165,0.010261662257262164
24,468,0.010217362363350972
25,14,0.01021297284456762
26,62,0.009913603149988907
27,4,0.009822219250242131
28,65,0.009746044012643855
29,513,0.009731487880738765
30,120,0.009720228760332508
31,536,0.009702965016184915
32,352,0.008732082580098326
33,380,0.008690391474205228
34,144,0.008688553204461954
35,24,0.008456164189238818
36,137,0.00832850858190112
37,555,0.008128052830779605
38,565,
