,Position,Relative Importance
0,336,0.0764243974997359
1,179,0.06064699497980739
2,472,0.05652658129241615
3,380,0.049718155611755
4,37,0.04321396101289129
5,46,0.042949607980209574
6,163,0.039792917100520714
7,152,0.0326689568875007
8,334,0.02931293908244749
9,497,0.02889806449611625
10,495,0.02590417663296809
11,121,0.024593107315381488
12,393,0.020524074434561054
13,412,0.019195844197906955
14,91,0.018455474171656615
15,78,0.017273651540571953
16,203,0.017225844503467414
17,126,0.017031385357302604
18,204,0.01702955768296796
19,233,0.012695318427121169
20,286,0.012002354488120032
21,410,0.011356418585395246
22,205,0.011224720365334076
23,167,0.011148162242099491
24,223,0.010119836112572547
25,500,0.009633540134070829
26,4,0.009019413783812307
27,565,
