,Position,Relative Importance
0,238,0.01951067207244724
1,170,0.01769517018499535
2,298,0.017140496668996485
3,216,0.016440688654671867
4,166,0.016348182541372477
5,167,0.015995897391694318
6,3,0.015483097887938694
7,106,0.01371369354247317
8,179,0.013534607269638623
9,305,0.013248267437970602
10,428,0.012968752907160618
11,2,0.01282957560009875
12,126,0.01279506329364078
13,11,0.011414453493580478
14,39,0.011411201962868085
15,190,0.011095124384158607
16,334,0.010621128812446465
17,186,0.01060272373716715
18,336,0.010594442730596385
19,12,0.010577639056491131
20,376,0.010485248210469844
21,279,0.010477948131936409
22,165,0.010314217561463251
23,197,0.010272456570496444
24,14,0.010257845351791731
25,468,0.010208123312917863
26,65,0.009974046885098049
27,120,0.009928492618875016
28,536,0.009891577884871813
29,4,0.009846816616830099
30,62,0.009758784454184098
31,513,0.00939782354503819
32,144,0.008820997684158016
33,352,0.008725575167115394
34,380,0.0086422753510058
35,137,0.008190690285421656
36,24,0.008071529247035306
37,555,0.008057131320032633
38,565,
