,Position,Relative Importance
0,336,0.04932971668101739
1,179,0.04479862406993865
2,472,0.038607787980701865
3,380,0.031317546094857304
4,46,0.030398865735597747
5,37,0.02931519757857734
6,163,0.025854148103287518
7,152,0.022179870568141965
8,121,0.019322766831407108
9,334,0.01923683984550396
10,497,0.018836531342150686
11,495,0.016159908819312015
12,376,0.015175522465787792
13,393,0.014993296144373867
14,144,0.01438958979864142
15,91,0.014107652457699434
16,62,0.013370526348343287
17,126,0.012869556954832502
18,412,0.012769648868210434
19,204,0.012609519939083623
20,223,0.012241205557572812
21,148,0.01175449936212794
22,203,0.011233245642204603
23,78,0.01117089358216545
24,415,0.010691252398894324
25,233,0.0105939633295973
26,482,0.01040132308934732
27,2,0.010271367317029807
28,137,0.010023185819781063
29,205,0.009460427730053593
30,167,0.00927070975028646
31,100,0.008695136743730666
32,565,
