,Position,Relative Importance
0,336,0.07840385926368328
1,179,0.06170321137505769
2,472,0.05685965357557019
3,380,0.050516220945086954
4,37,0.042333089394901706
5,46,0.04171412259273707
6,163,0.04009720194629709
7,152,0.03215593583273284
8,334,0.03161641180610272
9,497,0.02974290182028617
10,121,0.02501230560599693
11,495,0.024860527748205557
12,393,0.01998876815758167
13,91,0.01873818622198893
14,203,0.018237050196146277
15,412,0.01818173439585137
16,204,0.017644975428064577
17,126,0.01720574387000036
18,78,0.017193026070649462
19,233,0.013026485732284787
20,286,0.011907693391783486
21,410,0.011842589561558833
22,167,0.010817724764559777
23,223,0.010614826256775033
24,205,0.010368741706411737
25,4,0.009568264438807698
26,500,0.009539465731129808
27,565,
