,Position,Relative Importance
0,238,0.01917872515503298
1,170,0.018812690139667732
2,298,0.01852392085874915
3,216,0.017867598093114893
4,3,0.016322653627384373
5,167,0.015373583296270312
6,126,0.014778733322152708
7,106,0.014610087204111182
8,305,0.014075669151572419
9,166,0.013481575933819625
10,186,0.013249016698516967
11,428,0.012849673318350595
12,2,0.012670321758174532
13,39,0.012007258382650062
14,4,0.011886447136044732
15,179,0.011781828781559278
16,120,0.011656328480845248
17,11,0.011283011600980879
18,165,0.011282879024621417
19,197,0.010807739502116219
20,279,0.010761205941255228
21,376,0.010613905659932133
22,12,0.01053179148095772
23,65,0.010118094323098833
24,468,0.009985105276216462
25,513,0.009974609344481354
26,334,0.00996840856164906
27,14,0.009878149502510583
28,62,0.009825751384497018
29,24,0.009522711208273837
30,144,0.009294121056302878
31,190,0.008907080592506006
32,536,0.008629376825851643
33,137,0.008320198484138458
34,555,0.008289165440733243
35,565,
