,Position,Relative Importance
0,238,0.019241288401567407
1,298,0.018404066757922312
2,170,0.01823870840355391
3,216,0.017053892129674567
4,3,0.015920420305700348
5,167,0.015504329727730472
6,126,0.015051404719025642
7,305,0.014997121756105724
8,106,0.014536602896613423
9,166,0.013911515154665809
10,428,0.013800217721551019
11,186,0.012857336231619478
12,39,0.01279527709924804
13,2,0.012776083286135652
14,179,0.012026960414850138
15,4,0.011842154402832672
16,165,0.01142787602358067
17,11,0.01141070728354117
18,120,0.010993138626925457
19,376,0.010893165032563042
20,197,0.01083435819218025
21,279,0.010704365073333121
22,12,0.010565581830738278
23,65,0.01019907750968459
24,334,0.010027002467357366
25,14,0.009960855279281207
26,468,0.009865969455548398
27,62,0.009855839529550714
28,513,0.009634470770917985
29,24,0.009438290757409202
30,190,0.00895893499781307
31,144,0.00875130033135731
32,555,0.00853009178807824
33,137,0.008427170644556305
34,536,0.008194256556588259
35,266,0.008061453316825052
36,6,0.0080333913451886
37,336,0.007978639875271464
38,565,
